{
    "D": [
        [
            0.11847053356214997,
            -0.3575913911618688,
            0.0014839528353859524,
            0.0027649736604862998,
            0.6114040831084153
        ]
    ],
    "K": [
        [
            445.1079262886673,
            0.0,
            337.7292803124372
        ],
        [
            0.0,
            445.48201089273374,
            246.3139552168093
        ],
        [
            0.0,
            0.0,
            1.0
        ]
    ]
}